Metric,Value
Accuracy,0.9288733333333333
Precision,0.08119869449114825
Recall,0.37318181818181817
F1-score,0.1333766550239623
ROC-AUC,0.6551633042194611
