Metric,Value
Accuracy,0.9276333333333333
Precision,0.0864787386526517
Recall,0.4113636363636364
F1-score,0.14291354125542832
ROC-AUC,0.6733408168286382
