Metric,Value
Accuracy,0.85191
Precision,0.0460041285756414
Recall,0.46090909090909093
F1-score,0.08365818946847349
ROC-AUC,0.659319565752245
