Metric,Value
Accuracy,0.9142533333333334
Precision,0.06263844449913857
Recall,0.34704545454545455
F1-score,0.10612273264299117
ROC-AUC,0.6348708328207652
