Metric,Value
Accuracy,0.9269966666666667
Precision,0.07532152390196555
Recall,0.3527272727272727
F1-score,0.12413517296540692
ROC-AUC,0.6441359638331898
