Metric,Value
Accuracy,0.8354566666666666
Precision,0.04167091394670853
Recall,0.46454545454545454
F1-score,0.07648126321303622
ROC-AUC,0.6527615635379506
