Metric,Value
Accuracy,0.85286
Precision,0.04365699063016719
Recall,0.43204545454545457
F1-score,0.07930085099282497
ROC-AUC,0.6455846352564891
