Metric,Value
Accuracy,0.917
Precision,0.04865697930427124
Recall,0.25113636363636366
F1-score,0.08151973441534488
ROC-AUC,0.5890238651740682
