Metric,Value
Accuracy,0.95447
Precision,0.09704935155366003
Recall,0.2534090909090909
F1-score,0.14034866889042735
ROC-AUC,0.6091571841554927
