Metric,Value
Accuracy,0.9551833333333334
Precision,0.11799983106681308
Recall,0.3175
F1-score,0.1720549294907322
ROC-AUC,0.6410876184032476
