Metric,Value
Accuracy,0.9153966666666666
Precision,0.06265894025930713
Recall,0.3415909090909091
F1-score,0.10589354281889599
ROC-AUC,0.632764331406077
