Metric,Value
Accuracy,0.9549166666666666
Precision,0.11100690595958734
Recall,0.2959090909090909
F1-score,0.1614483228966458
ROC-AUC,0.6303175359822856
