Metric,Value
Accuracy,0.9206533333333333
Precision,0.06818586434039522
Recall,0.3481818181818182
F1-score,0.11403900550841148
ROC-AUC,0.6386781891991634
