Metric,Value
Accuracy,0.8401366666666666
Precision,0.042303246821477354
Recall,0.4575
F1-score,0.07744541694719631
ROC-AUC,0.6516661028416779
