Metric,Value
Accuracy,0.9544966666666667
Precision,0.11341412452987881
Recall,0.3084090909090909
F1-score,0.16584173541093797
ROC-AUC,0.6362613790134087
