Metric,Value
Accuracy,0.9277
Precision,0.07430569233799487
Recall,0.34295454545454546
F1-score,0.12214667314230207
ROC-AUC,0.6396792348382335
